"糟糕|Bad|悪い","优秀|Excellent|素晴らしい"
"暗淡|Dull|暗い","明亮|Bright|明るい"
"混浊|Muddy|濁った","清晰|Clear|クリア"
"粗糙|Rough|粗い","平滑|Smooth|滑らか"
"刺耳|Harsh|耳障り","柔和|Soft|柔らかい"
"干瘪|Thin|薄い","丰满|Full|豊かな"
"沉闷|Muffled|こもった","活泼|Lively|生き生きした"
"机械|Mechanical|機械的","自然|Natural|自然な"
"狭窄|Narrow|狭い","宽广|Wide|広い"
"单薄|Weak|貧弱な","厚重|Heavy|重厚な"
"生硬|Stiff|硬い","流畅|Fluent|流暢な"
"枯燥|Boring|退屈な","生动|Vivid|鮮やかな"
"平淡|Flat|平坦な","丰富|Rich|豊かな"
"嘈杂|Noisy|ノイズが多い","干净|Clean|クリーンな"
"模糊|Blurry|ぼやけた","清晰|Sharp|シャープな"
"压抑|Oppressive|圧迫感のある","轻松|Relaxing|リラックスできる"
"无力|Powerless|力のない","有力|Powerful|力強い"
"冰冷|Cold|冷たい","温暖|Warm|暖かい"
"空洞|Hollow|空虚な","充实|Solid|充実した"
"不适|Uncomfortable|不快な","舒适|Comfortable|快適な"
